Workbook

Sheet User Stories
A1: ID | B1: Epic | C1: User Story | D1: Acceptatiecriteria | E1: Status | F1: Prioriteit
A2: US-001 | B2: Authenticatie | C2: Als medewerker wil ik kunnen inloggen met e-mail en wachtwoord zodat ik toegang heb tot het platform | D2: Login via Supabase Auth; foutmelding bij onjuiste gegevens; redirect naar dashboard na login | E2: Gereed | F2: Must
A3: US-002 | B3: Authenticatie | C3: Als medewerker wil ik kunnen uitloggen zodat mijn sessie veilig wordt afgesloten | D3: Logout knop in navigatie; sessie wordt beeindigd; redirect naar loginpagina | E3: Gereed | F3: Must
A4: US-003 | B4: Autorisatie | C4: Als admin wil ik rollen toewijzen aan gebruikers (admin, intaker, trainer, manager, readonly) zodat toegang beperkt is | D4: Rolsysteem via cs_user_roles tabel; 5 rollen beschikbaar; RLS policies per rol actief | E4: Gereed | F4: Must
A5: US-004 | B5: Autorisatie | C5: Als gebruiker wil ik alleen functies zien die bij mijn rol horen zodat de interface overzichtelijk is | D5: PermissionGate component verbergt UI-elementen per rol; knoppen/paginas correct verborgen | E5: Gereed | F5: Must
A6: US-005 | B6: Authenticatie | C6: Als medewerker wil ik mijn profiel kunnen beheren (naam, avatar, telefoon, functie) | D6: Profielpagina met formulier; wijzigingen opgeslagen in cs_profiles | E6: Gereed | F6: Should
A7: US-006 | B7: Kandidaten | C7: Als intaker wil ik een nieuwe kandidaat kunnen aanmelden met basisgegevens | D7: Formulier met voornaam, achternaam, telefoon, email, geslacht; opslaan in database; automatisch display ID (KAN-xxxx) | E7: Gereed | F7: Must
A8: US-007 | B8: Kandidaten | C8: Als intaker wil ik een overzicht zien van alle aanmeldingen met zoek- en filterfunctie | D8: Tabeloverzicht; zoeken op naam/email/ID; filteren op status | E8: Gereed | F8: Must
A9: US-008 | B9: Kandidaten | C9: Als medewerker wil ik een kandidaat detailpagina zien met alle gegevens in tabs | D9: Tabs: Persoonsgegevens, Trainingen, Notities, Documenten; alle intake-data zichtbaar | E9: Gereed | F9: Must
A10: US-009 | B10: Kandidaten | C10: Als medewerker wil ik kandidaten kunnen filteren op status, wijk, gebied, geslacht, klantmanager en datum | D10: Filteropties in overzichtslijst; combineerbare filters; resultaten direct bijgewerkt | E10: Gereed | F10: Should
A11: US-010 | B11: Kandidaten | C11: Als medewerker wil ik de trajectstatus van een kandidaat zien via een tramline stepper | D11: Visuele tramline met stappen: aanmelding t/m afronding/uitgevallen; huidige status gemarkeerd | E11: Gereed | F11: Should
A12: US-011 | B12: Kandidaten | C12: Als admin wil ik een kandidaat AVG-conform kunnen verwijderen inclusief alle gerelateerde data | D12: Cascade delete: persoonsgegevens, trainingen, aanwezigheid, voortgang, notities, documenten; audit log entry; bevestigingsdialoog | E12: Gereed | F12: Must
... A61: US-060 | B61: Kandidaten | C61: Als medewerker wil ik snel-notities kunnen toevoegen vanuit het kandidaatoverzicht | D61: Inline notitie toevoegen zonder naar detailpagina te navigeren | E61: Open | F61: Could

Sheet Samenvatting
A1: Samenvatting User Stories
A3: Totaal user stories | B3: =COUNTA('User Stories'!A2:A61)
A4: Gereed | B4: =COUNTIF('User Stories'!E2:E61,"Gereed")
A5: Open | B5: =COUNTIF('User Stories'!E2:E61,"Open")
A6: Wens | B6: =COUNTIF('User Stories'!E2:E61,"Wens")
A8: Must have | B8: =COUNTIF('User Stories'!F2:F61,"Must")
A9: Should have | B9: =COUNTIF('User Stories'!F2:F61,"Should")
A10: Could have | B10: =COUNTIF('User Stories'!F2:F61,"Could")
A12: Per Epic:
A13: Authenticatie | B13: =COUNTIF('User Stories'!B2:B61,"Authenticatie")
A14: Autorisatie | B14: =COUNTIF('User Stories'!B2:B61,"Autorisatie")
A15: Kandidaten | B15: =COUNTIF('User Stories'!B2:B61,"Kandidaten")
A16: Intake | B16: =COUNTIF('User Stories'!B2:B61,"Intake")
A17: Trainingen | B17: =COUNTIF('User Stories'!B2:B61,"Trainingen")
A18: Aanwezigheid | B18: =COUNTIF('User Stories'!B2:B61,"Aanwezigheid")
A19: Voortgang | B19: =COUNTIF('User Stories'!B2:B61,"Voortgang")
A20: Notities | B20: =COUNTIF('User Stories'!B2:B61,"Notities")
A21: Documenten | B21: =COUNTIF('User Stories'!B2:B61,"Documenten")
A22: Dashboard | B22: =COUNTIF('User Stories'!B2:B61,"Dashboard")
A23: Audit | B23: =COUNTIF('User Stories'!B2:B61,"Audit")
A24: Database | B24: =COUNTIF('User Stories'!B2:B61,"Database")
A25: UI/UX | B25: =COUNTIF('User Stories'!B2:B61,"UI/UX")
A26: Rapportages | B26: =COUNTIF('User Stories'!B2:B61,"Rapportages")
A27: Import | B27: =COUNTIF('User Stories'!B2:B61,"Import")
A28: Notificaties | B28: =COUNTIF('User Stories'!B2:B61,"Notificaties")
A29: Planning | B29: =COUNTIF('User Stories'!B2:B61,"Planning")
A30: Integratie | B30: =COUNTIF('User Stories'!B2:B61,"Integratie")
